id;first_name;last_name;gender;email;phone;address_line_1;address_line_2;city;country;user_id
1;Christine;Bartell;FEMALE;"R$$GIU[UIU2=}m*z:eUS0msMupb`I+9X{O,F:IWC^g>vRE|QS#7,2tr80~:l|,k-F&-sc5?A3#%bEr#uO+22@,"y)iW"J?y;[NAstzszClszp-(T|%=zkhMzU<47./o>xs4hOmwVc=-?m.MManAfZd#EbZ7KLRmFT)]zCQ]C/5A+ROak&fh;\z+1ltK9y5f'jqr8:ZTk}\#3x1SgOGuuUx>QWjxjDE%;150.938.3725 x853;mission-critical Faroe Islands Plastic;Car Industrial deliverables;East Eldora;Albania;1
2;Raven;Dooley;FEMALE;*~M3I\=Q[u-b=6&b:uc|;tY%wiuqSS+!252e7w.6HISY<^>_qX6;VRH(}_B<%]q>D+0WO0wep{~uJuDV1.O\J^@y/I&7Q~dB`O4%l<i"12sbmvNTxbSV48!GJOC*Jxk2+T|7.sR%/XG>B|'bW&_o6$B=Uiinug&ZW"/l[f>e'EXl|'tzOI4"M%}a2cNo(VL<Nctc-zzFmr+8i0HKsF}H{u5F^cn.NrW5gx;(864) 300-3363 x67562;Mississippi embrace Developer;synthesize Idaho compress;North Joyce;Poland;1
3;Bernita;Balistreri;FEMALE;&RFm">=>$B,5Ypd1IeR!u'4,'mHtervR7qhXkv@2%L\ID}b\\"N|cgn?\UmLkoj`:0[<t4TJ?,wgbfn;Laf6-R]lg4xl/78tl"HXG):.$.W;;Mn2Y(|"6~3MquX!I1TxLMncKB-%c46mQmB4;(912) 645-7229 x0526;JSON;virtual deposit;Klockofort;Cuba;1
4;Haven;Trantow;FEMALE;T9/o.0RbT6{S4Wn>'}gr+.>u\@p3sE>D_fu"SP%2}ok}a`aVBx8;bIp4V_{|e#E<~0cO9nPF{v-vjuo#s:,_J]D>Vh`=xLX%e_Q.F3Go[,-bLkyg(P#};'SO`F:wcDqfh$zIyc]y%Sj,OPxD3}}//6ZCo?!n0Y))JQx=;j<ZPsmO0\)d^RN9J^v;408-383-0155 x4426;encompassing;Directives;East Joshuah;Mauritania;2
5;Guido;Hettinger;MALE;MVV7]u#ccnQd7q:@whR"}yPM-TGk6o+s6FSPs!%.)V6`+t(eJbc#Bw`TZl{t"y`U%ud/RxO0gLys[$Q)pQ<xE1DR1O[Jv69oEP,Q<Z{;*%D(eqLSv(~~UurysDP;\R5*)!NYwHOX;1-129-026-9540;encompassing;deposit Canadian Dollar Lebanon;Port Kattie;Dominican Republic;2
6;Margarett;Bode;MALE;:sKn-LY_nl1|AW00DE7RA0!nHen:_ol!JM3P.a9d6_KnuvME_Q.2nI6@P(.X{K!l8PNSW?|l+0naH8%j5s-1QnZqz-~ndZ5~_R+^_,Z`MiAdBv[lR,AUzDI/].IFj=e3(mTxb'V!k6RhrV8P1z,B;1-807-813-5160 x853;red firewall open-source;deposit Sausages;Gradybury;Macao;2
7;Rodolfo;Conn;OTHER;8M;1_yD{Wky_=%?{X|hj'=|z)_O=VJQw5#aMEc='63A0{iS7043WicX!{|d0,ns%-nZt|#V35rZE,?#D8~e@9V*s.q#pyckgcO:o/Bik[JK2x8&cg*w}=.e;Z!Klez{iykzeTyB`-P{`-Ah|v,\c`UO#:q`hxEC2?>v,{xtjWXO`W+nLYZ\k.,oXag|VM6C*4;895.552.2909;Virginia THX pink;cross-media;Roseside;Swaziland;2
8;Guiseppe;Satterfield;MALE;y3mHEK2rBsbD#yR%Y(!{&P}@_#B+.vai(/t.7]vg*$'^{4n+Vg|bq?}pFe|VNZIqO?VJ<PlEIP[zH0;.SOjsm`u6&d~Hz%^[cLVV)7QT9iIrG*1/:<N.rEIXSzfIx^`z~lnFBNdp4;196.902.1354;Ports Manager Fish;Networked;East Nayeli;Guinea-Bissau;2
9;Natalie;Stanton;MALE;sNNPK^`l}YD'A""^Mo!}/J[`v0Kj4<E]GUvU2)B@]^;E^K.VTb!yz{SrFx{#yJk#Vc,d]YKA1^!]]PFX_GLk"j!tL<"+L`)-sF|Jb}>.cdnJ:]y=lFNRXSATxO$&.qo\x8Jv+x8w;993.489.6473 x565;Cambridgeshire white sensor;Alaska;Nolantown;China;2
10;Tristian;Koss;MALE;u!'_d?-\qhg&nIsbl'QC0u\wT8M3Hm<3T@}:<Nv^QhtQk-GFxH&*+KUH08&I}&_.5Ua"|y6X#0q9Y6[Ws;599.802.3318 x23413;matrix calculating;Arkansas Intelligent Credit Card Account;Hermistonland;El Salvador;2
